Distance,Run1,Run2,Run3,Run4,Run5,Avg
4,14.100000,8.240000,8.310000,12.800000,11.300000,10.95
