Distance,Run1,Run2,Run3,Run4,Run5,Avg
10,14.100000,12.200000,12.200000,12.700000,13.600000,12.96
