Distance,Run1,Run2,Run3,Run4,Run5,Avg
6,17.300000,16.300000,15.200000,15.900000,16.000000,16.14
