Distance,Run1,Run2,Run3,Run4,Run5,Avg
2,12.000000,10.700000,13.200000,17.300000,18.700000,14.38
