Distance,Run1,Run2,Run3,Run4,Run5,Avg
8,17.900000,16.700000,16.400000,15.500000,12.200000,15.74
